course_code,course_title,course_descr,instructor,scheduled_time_start,scheduled_time_end,call_number,campus,class_id,course_subtitle,department,department_code,instructor_wikipedia_link,link,location,method_of_instruction,open_to,points,prerequisites,scheduled_days,section_key,type
LAW_ L6038,CLIMATE CHANGE LAW,"This is a Law School course. For more detailed course information, please go to the Law School Curriculum Guide at: http://www.law.columbia.edu/courses/search
",Michael Gerrard,1:20pm,2:40pm,10016,Morningside,L6038-20241-001,,Law,LAW_,https://en.wikipedia.org/wiki/Michael_Gerrard,http://www.columbia.edu/cu/bulletin/uwb/subj/LAW_/L6038-20241-001/,To be announced,In-Person,,3,,TR,20241LAW_6038L001,LECTURE
LAW_ L6040,INT'L ENVIRONMENTAL LAW,"This is a Law School course. For more detailed course information, please go to the Law School Curriculum Guide at: http://www.law.columbia.edu/courses/search
",Richard Horsch,6:20pm,8:10pm,10087,Morningside,L6040-20241-001,,Law,LAW_,,http://www.columbia.edu/cu/bulletin/uwb/subj/LAW_/L6040-20241-001/,To be announced,In-Person,,2,,W,20241LAW_6040L001,LECTURE
LAW_ L6062,S. Global Political Thought,,Michael Doyle,2:50pm,4:40pm,10144,Morningside,L6062-20241-001,S. Global Political Thoug,Law,LAW_,,http://www.columbia.edu/cu/bulletin/uwb/subj/LAW_/L6062-20241-001/,To be announced,In-Person,,2,,W,20241LAW_6062L001,SEMINAR
LAW_ L6071,LAW AND DEVELOPMENT,,Katharina Pistor,1:20pm,2:40pm,10094,Morningside,L6071-20241-001,,Law,LAW_,,http://www.columbia.edu/cu/bulletin/uwb/subj/LAW_/L6071-20241-001/,To be announced,In-Person,,3,,TR,20241LAW_6071L001,LECTURE
LAW_ L6105,CONTRACTS,,Talia Gillis,8:30am,10:30am,10023,Morningside,L6105-20241-001,,Law,LAW_,,http://www.columbia.edu/cu/bulletin/uwb/subj/LAW_/L6105-20241-001/,To be announced,In-Person,,4,,MW,20241LAW_6105L001,LECTURE
LAW_ L6108,CRIMINAL LAW,,Bernard Harcourt,10:40am,12:00pm,10030,Morningside,L6108-20241-001,,Law,LAW_,https://en.wikipedia.org/wiki/Bernard_Harcourt,http://www.columbia.edu/cu/bulletin/uwb/subj/LAW_/L6108-20241-001/,To be announced,In-Person,,3,,TRF,20241LAW_6108L001,LECTURE
LAW_ L6108,CRIMINAL LAW,,James Liebman,9:10am,10:30am,10031,Morningside,L6108-20241-002,,Law,LAW_,,http://www.columbia.edu/cu/bulletin/uwb/subj/LAW_/L6108-20241-002/,To be announced,In-Person,,3,,TR,20241LAW_6108L002,LECTURE
LAW_ L6108,CRIMINAL LAW,,Jed S Rakoff,4:50pm,6:10pm,10032,Morningside,L6108-20241-003,,Law,LAW_,https://en.wikipedia.org/wiki/Jed_S._Rakoff,http://www.columbia.edu/cu/bulletin/uwb/subj/LAW_/L6108-20241-003/,To be announced,In-Person,,3,,TWR,20241LAW_6108L003,LECTURE
LAW_ L6108,CRIMINAL LAW,,Sarah A Seo,10:40am,12:00pm,10033,Morningside,L6108-20241-004,,Law,LAW_,,http://www.columbia.edu/cu/bulletin/uwb/subj/LAW_/L6108-20241-004/,To be announced,In-Person,,3,,TR,20241LAW_6108L004,LECTURE
LAW_ L6109,CRIMINAL INVESTIGATIONS,,Debra A Livingston,8:00am,9:05am,10029,Morningside,L6109-20241-001,,Law,LAW_,https://en.wikipedia.org/wiki/Debra_Ann_Livingston,http://www.columbia.edu/cu/bulletin/uwb/subj/LAW_/L6109-20241-001/,To be announced,In-Person,,3,,TR,20241LAW_6109L001,LECTURE
LAW_ L6116,PROPERTY (FOUNDATION),,Thomas W Merrill,,,10113,Morningside,L6116-20241-001,,Law,LAW_,https://en.wikipedia.org/wiki/Thomas_W._Merrill,http://www.columbia.edu/cu/bulletin/uwb/subj/LAW_/L6116-20241-001/,,In-Person,,4,,,20241LAW_6116L001,LECTURE
LAW_ L6116,PROPERTY (FOUNDATION),,Maeve H Glass,2:50pm,4:10pm,10114,Morningside,L6116-20241-002,,Law,LAW_,,http://www.columbia.edu/cu/bulletin/uwb/subj/LAW_/L6116-20241-002/,To be announced,In-Person,,4,,MTW,20241LAW_6116L002,LECTURE
LAW_ L6118,TORTS,,Bert Huang,2:50pm,4:50pm,10191,Morningside,L6118-20241-001,,Law,LAW_,,http://www.columbia.edu/cu/bulletin/uwb/subj/LAW_/L6118-20241-001/,To be announced,In-Person,,4,,TR,20241LAW_6118L001,LECTURE
LAW_ L6118,TORTS,,Ashraf Ahmed,,,10192,Morningside,L6118-20241-002,,Law,LAW_,,http://www.columbia.edu/cu/bulletin/uwb/subj/LAW_/L6118-20241-002/,,In-Person,,4,,,20241LAW_6118L002,LECTURE
LAW_ L6131,AMERICAN LITIGATION PRACTICE,,Martin S Flaherty,10:40am,12:00pm,10009,Morningside,L6131-20241-001,AMERICAN LITIGATION PRACT,Law,LAW_,https://en.wikipedia.org/wiki/Martin_S._Flaherty,http://www.columbia.edu/cu/bulletin/uwb/subj/LAW_/L6131-20241-001/,To be announced,In-Person,,3,,TR,20241LAW_6131L001,LECTURE
LAW_ L6132,AMER CONSTITUTIONAL LAW,,Akhil R Amar,4:20pm,7:10pm,10010,Morningside,L6132-20241-001,,Law,LAW_,,http://www.columbia.edu/cu/bulletin/uwb/subj/LAW_/L6132-20241-001/,To be announced,In-Person,,3,,T,20241LAW_6132L001,LECTURE
LAW_ L6133,CONSTITUTIONAL LAW,,Philip Hamburger,2:50pm,4:40pm,10021,Morningside,L6133-20241-001,,Law,LAW_,https://en.wikipedia.org/wiki/Philip_Hamburger,http://www.columbia.edu/cu/bulletin/uwb/subj/LAW_/L6133-20241-001/,To be announced,In-Person,,4,,TR,20241LAW_6133L001,LECTURE
LAW_ L6133,CONSTITUTIONAL LAW,,Christina M Duffy Ponsa,10:40am,12:00pm,10022,Morningside,L6133-20241-002,,Law,LAW_,,http://www.columbia.edu/cu/bulletin/uwb/subj/LAW_/L6133-20241-002/,To be announced,In-Person,,4,,TWR,20241LAW_6133L002,LECTURE
LAW_ L6169,LEGISLATION AND REGULATION,,Jessica J Bulman,1:20pm,2:40pm,10096,Morningside,L6169-20241-001,LEGISLATION AND REGULATIO,Law,LAW_,,http://www.columbia.edu/cu/bulletin/uwb/subj/LAW_/L6169-20241-001/,To be announced,In-Person,,4,,TWR,20241LAW_6169L001,LECTURE
LAW_ L6169,LEGISLATION AND REGULATION,,Kathryn E Judge,10:40am,12:00pm,10097,Morningside,L6169-20241-002,LEGISLATION AND REGULATIO,Law,LAW_,,http://www.columbia.edu/cu/bulletin/uwb/subj/LAW_/L6169-20241-002/,To be announced,In-Person,,4,,TWR,20241LAW_6169L002,LECTURE
LAW_ L6173,CRITICAL LEGAL THOUGHT,,Katherine Franke,1:20pm,2:40pm,10034,Morningside,L6173-20241-001,,Law,LAW_,https://en.wikipedia.org/wiki/Katherine_Franke,http://www.columbia.edu/cu/bulletin/uwb/subj/LAW_/L6173-20241-001/,To be announced,In-Person,,3,,MW,20241LAW_6173L001,LECTURE
LAW_ L6177,LAW AND CONTEMPORARY SOCIETY,,Eben Moglen,1:20pm,2:40pm,10093,Morningside,L6177-20241-001,LAW AND CONTEMPORARY SOCI,Law,LAW_,https://en.wikipedia.org/wiki/Eben_Moglen,http://www.columbia.edu/cu/bulletin/uwb/subj/LAW_/L6177-20241-001/,To be announced,In-Person,,3,,TR,20241LAW_6177L001,LECTURE
LAW_ L6183,US & INTL LEGAL SYSTEM,,Matthew Waxman,1:20pm,2:40pm,10190,Morningside,L6183-20241-001,,Law,LAW_,https://en.wikipedia.org/wiki/Matthew_Waxman,http://www.columbia.edu/cu/bulletin/uwb/subj/LAW_/L6183-20241-001/,To be announced,In-Person,,3,,MW,20241LAW_6183L001,LECTURE
LAW_ L6202,ADV CORP LAW: MERG & ACQUISTNS,,Jeffrey Gordon,2:50pm,4:10pm,10003,Morningside,L6202-20241-001,ADV CORP LAW: MERG & ACQU,Law,LAW_,,http://www.columbia.edu/cu/bulletin/uwb/subj/LAW_/L6202-20241-001/,To be announced,In-Person,,4,,TWR,20241LAW_6202L001,LECTURE
LAW_ L6205,FIN STATEMNT ANALYSIS & INTERP,"This is a Law School course. For more detailed course information, please go to the Law School Curriculum Guide at: http://www.law.columbia.edu/courses/search
",Norman Bartczak,3:20pm,6:10pm,10078,Morningside,L6205-20241-001,FIN STATEMNT ANALYSIS & I,Law,LAW_,,http://www.columbia.edu/cu/bulletin/uwb/subj/LAW_/L6205-20241-001/,To be announced,In-Person,,3,,R,20241LAW_6205L001,LECTURE
LAW_ L6212,INT'L BUSINESS TRANSACTIONS,"This is a Law School course. For more detailed course information, please go to the Law School Curriculum Guide at: http://www.law.columbia.edu/courses/search
",Alejandro M Garro,9:10am,10:30am,10085,Morningside,L6212-20241-001,INT'L BUSINESS TRANSACTIO,Law,LAW_,,http://www.columbia.edu/cu/bulletin/uwb/subj/LAW_/L6212-20241-001/,To be announced,In-Person,,3,,TR,20241LAW_6212L001,LECTURE
LAW_ L6230,CORPORATE TAXATION,"This is a Law School course. For more detailed course information, please go to the Law School Curriculum Guide at: http://www.law.columbia.edu/courses/search
",Rick D'Avino,2:50pm,4:10pm,10026,Morningside,L6230-20241-001,,Law,LAW_,,http://www.columbia.edu/cu/bulletin/uwb/subj/LAW_/L6230-20241-001/,To be announced,In-Person,,3,,TR,20241LAW_6230L001,LECTURE
LAW_ L6231,CORPORATIONS,"This is a Law School course. For more detailed course information, please go to the Law School Curriculum Guide at: http://www.law.columbia.edu/courses/search
",Justin R McCrary,2:50pm,4:40pm,10027,Morningside,L6231-20241-001,,Law,LAW_,,http://www.columbia.edu/cu/bulletin/uwb/subj/LAW_/L6231-20241-001/,To be announced,In-Person,,4,,TR,20241LAW_6231L001,LECTURE
LAW_ L6232,CORPORATE FINANCE,,Eric Talley,9:10am,10:30am,10025,Morningside,L6232-20241-001,,Law,LAW_,https://en.wikipedia.org/wiki/Eric_Talley,http://www.columbia.edu/cu/bulletin/uwb/subj/LAW_/L6232-20241-001/,To be announced,In-Person,,3,,TR,20241LAW_6232L001,LECTURE
LAW_ L6238,CRIMINAL ADJUDICATION,,Daniel Richman,1:20pm,2:40pm,10028,Morningside,L6238-20241-001,,Law,LAW_,https://en.wikipedia.org/wiki/Daniel_Richman,http://www.columbia.edu/cu/bulletin/uwb/subj/LAW_/L6238-20241-001/,To be announced,In-Person,,3,,MW,20241LAW_6238L001,LECTURE
LAW_ L6239,Ex. Criminal Prosecution:  Manhattan/Bkl,,,6:20pm,8:10pm,10046,Morningside,L6239-20241-001,EX. CRIMINAL PROSECUTION,Law,LAW_,,http://www.columbia.edu/cu/bulletin/uwb/subj/LAW_/L6239-20241-001/,To be announced,In-Person,,2,,W,20241LAW_6239L001,LECTURE
LAW_ L6239,Ex. Criminal Prosecution:  Manhattan/Bkl,,,,,10047,Morningside,L6239-20241-002,EX. CRIMINAL PROSECUTION,Law,LAW_,,http://www.columbia.edu/cu/bulletin/uwb/subj/LAW_/L6239-20241-002/,,In-Person,,3,,,20241LAW_6239L002,LECTURE
LAW_ L6241,EVIDENCE,,,2:50pm,4:40pm,10040,Morningside,L6241-20241-001,,Law,LAW_,,http://www.columbia.edu/cu/bulletin/uwb/subj/LAW_/L6241-20241-001/,To be announced,In-Person,,4,,TR,20241LAW_6241L001,LECTURE
LAW_ L6241,EVIDENCE,,Katherine Barnes,10:40am,12:00pm,10041,Morningside,L6241-20241-002,,Law,LAW_,,http://www.columbia.edu/cu/bulletin/uwb/subj/LAW_/L6241-20241-002/,To be announced,In-Person,,3,,MW,20241LAW_6241L002,LECTURE
LAW_ L6249,EUR UNION LAW & INSTITUTIONS,"This is a Law School course. For more detailed course information, please go to the Law School Curriculum Guide at: http://www.law.columbia.edu/courses/search
",Anu Bradford,9:10am,10:30am,10039,Morningside,L6249-20241-001,EUR UNION LAW & INSTITUTI,Law,LAW_,https://en.wikipedia.org/wiki/Anu_Bradford,http://www.columbia.edu/cu/bulletin/uwb/subj/LAW_/L6249-20241-001/,To be announced,In-Person,,3,,TR,20241LAW_6249L001,LECTURE
LAW_ L6256,FEDERAL INCOME TAXATION,,Alex Raskolnikov,1:20pm,2:40pm,10077,Morningside,L6256-20241-001,,Law,LAW_,,http://www.columbia.edu/cu/bulletin/uwb/subj/LAW_/L6256-20241-001/,To be announced,In-Person,,4,,MTW,20241LAW_6256L001,LECTURE
LAW_ L6266,INTERNATIONAL TRADE LAW,,Anu Bradford,2:50pm,4:40pm,10089,Morningside,L6266-20241-001,,Law,LAW_,https://en.wikipedia.org/wiki/Anu_Bradford,http://www.columbia.edu/cu/bulletin/uwb/subj/LAW_/L6266-20241-001/,To be announced,In-Person,,4,,TR,20241LAW_6266L001,LECTURE
LAW_ L6269,INTERNATIONAL LAW,"This is a Law School course. For more detailed course information, please go to the Law School Curriculum Guide at: http://www.law.columbia.edu/courses/search
",Lori F Damrosch,1:20pm,2:40pm,10088,Morningside,L6269-20241-001,,Law,LAW_,,http://www.columbia.edu/cu/bulletin/uwb/subj/LAW_/L6269-20241-001/,To be announced,In-Person,,3,,TR,20241LAW_6269L001,LECTURE
LAW_ L6273,JAPANSE LAW-LEGAL INSTITUTIONS,"This is a Law School course. For more detailed course information, please go to the Law School Curriculum Guide at: http://www.law.columbia.edu/courses/search
",Nobuhisa Ishizuka,10:40am,12:00pm,10091,Morningside,L6273-20241-001,JAPANSE LAW-LEGAL INSTITU,Law,LAW_,,http://www.columbia.edu/cu/bulletin/uwb/subj/LAW_/L6273-20241-001/,To be announced,In-Person,,3,,TR,20241LAW_6273L001,LECTURE
LAW_ L6274,PROFESSIONAL RESPONSIBILITY,,James A Kent,10:40am,12:00pm,10109,Morningside,L6274-20241-001,PROFESSIONAL RESPONSIBILI,Law,LAW_,,http://www.columbia.edu/cu/bulletin/uwb/subj/LAW_/L6274-20241-001/,To be announced,In-Person,,3,,MW,20241LAW_6274L001,LECTURE
LAW_ L6274,PROFESSIONAL RESPONSIBILITY,,Janis Meyer,4:20pm,6:10pm,10110,Morningside,L6274-20241-002,PROFESSIONAL RESPONSIBILI,Law,LAW_,,http://www.columbia.edu/cu/bulletin/uwb/subj/LAW_/L6274-20241-002/,To be announced,In-Person,,3,,T,20241LAW_6274L002,LECTURE
LAW_ L6292,STATE & LOCAL GOVERNMENT LAW,,Richard Briffault,9:10am,10:30am,10189,Morningside,L6292-20241-001,STATE & LOCAL GOVERNMENT,Law,LAW_,https://en.wikipedia.org/wiki/Richard_Briffault,http://www.columbia.edu/cu/bulletin/uwb/subj/LAW_/L6292-20241-001/,To be announced,In-Person,,3,,MW,20241LAW_6292L001,LECTURE
LAW_ L6293,ANTITRUST AND TRADE REGULATION,"This is a Law School course. For more detailed course information, please go to the Law School Curriculum Guide at: http://www.law.columbia.edu/courses/search

",Timothy S Wu,1:20pm,2:40pm,10011,Morningside,L6293-20241-001,ANTITRUST AND TRADE REGUL,Law,LAW_,https://en.wikipedia.org/wiki/Tim_Wu,http://www.columbia.edu/cu/bulletin/uwb/subj/LAW_/L6293-20241-001/,To be announced,In-Person,,3,,TR,20241LAW_6293L001,LECTURE
LAW_ L6327,EMPLOYMENT LAW,,Jeffrey Andrias,10:10am,12:00pm,10036,Morningside,L6327-20241-001,,Law,LAW_,,http://www.columbia.edu/cu/bulletin/uwb/subj/LAW_/L6327-20241-001/,To be announced,In-Person,,4,,TR,20241LAW_6327L001,LECTURE
LAW_ L6333,REFUGEE LAW AND POLICY,,Ajun Gupta,2:50pm,5:50pm,10117,Morningside,L6333-20241-001,,Law,LAW_,,http://www.columbia.edu/cu/bulletin/uwb/subj/LAW_/L6333-20241-001/,To be announced,In-Person,,3,,T,20241LAW_6333L001,LECTURE
LAW_ L6341,COPYRIGHT LAW,"This is a Law School course. For more detailed course information, please go to the Law School Curriculum Guide at: http://www.law.columbia.edu/courses/search
",Jane C Ginsburg,10:40am,12:00pm,10024,Morningside,L6341-20241-001,,Law,LAW_,https://en.wikipedia.org/wiki/Jane_C._Ginsburg,http://www.columbia.edu/cu/bulletin/uwb/subj/LAW_/L6341-20241-001/,To be announced,In-Person,,4,,MTW,20241LAW_6341L001,LECTURE
LAW_ L6353,Deals: The Lawyer's Role in Transactions,,David M Schizer,2:50pm,4:10pm,10035,Morningside,L6353-20241-001,Deals:  Role in Transacti,Law,LAW_,https://en.wikipedia.org/wiki/David_Schizer,http://www.columbia.edu/cu/bulletin/uwb/subj/LAW_/L6353-20241-001/,To be announced,In-Person,,3,,TR,20241LAW_6353L001,LECTURE
LAW_ L6355,HEALTH LAW,"This is a Law School course. For more detailed course information, please go to the Law School Curriculum Guide at: http://www.law.columbia.edu/courses/search
",,2:50pm,4:10pm,10080,Morningside,L6355-20241-001,,Law,LAW_,,http://www.columbia.edu/cu/bulletin/uwb/subj/LAW_/L6355-20241-001/,To be announced,In-Person,,3,,MW,20241LAW_6355L001,LECTURE
LAW_ L6362,PROF RESP ISSUES/BUSI PRACT,,Anthony Davis,4:20pm,6:10pm,10111,Morningside,L6362-20241-001,PROF RESP ISSUES/BUSI PRA,Law,LAW_,,http://www.columbia.edu/cu/bulletin/uwb/subj/LAW_/L6362-20241-001/,To be announced,In-Person,,2,,R,20241LAW_6362L001,LECTURE
LAW_ L6363,PROF RESP ISSUES/PBLC INT PRAC,,Philip Genty,1:20pm,2:40pm,10112,Morningside,L6363-20241-001,PROF RESP ISSUES/PBLC INT,Law,LAW_,,http://www.columbia.edu/cu/bulletin/uwb/subj/LAW_/L6363-20241-001/,To be announced,In-Person,,3,,MW,20241LAW_6363L001,LECTURE
LAW_ L6407,ADV CON LAW:1ST AMENDMENT,,Jeremy K Kessler,1:20pm,4:10pm,10002,Morningside,L6407-20241-001,,Law,LAW_,,http://www.columbia.edu/cu/bulletin/uwb/subj/LAW_/L6407-20241-001/,To be announced,In-Person,,4,,M,20241LAW_6407L001,LECTURE
LAW_ L6422,CONFLICT-LAWS/JURISD:NATL/INTL,"This is a Law School course. For more detailed course information, please go to the Law School Curriculum Guide at: http://www.law.columbia.edu/courses/search
",Henry P Monaghan,10:40am,12:00pm,10020,Morningside,L6422-20241-001,CONFLICT-LAWS/JURISD:NATL,Law,LAW_,https://en.wikipedia.org/wiki/Henry_P._Monaghan,http://www.columbia.edu/cu/bulletin/uwb/subj/LAW_/L6422-20241-001/,To be announced,In-Person,,3,,TR,20241LAW_6422L001,LECTURE
LAW_ L6423,SECURITIES REGULATION,"Prerequisites: L6231 This is a Law School course. For more detailed course information, please go to the Law School Curriculum Guide at: http://www.law.columbia.edu/courses/search
",Joshua R Mitts,8:40am,10:30am,10188,Morningside,L6423-20241-001,,Law,LAW_,,http://www.columbia.edu/cu/bulletin/uwb/subj/LAW_/L6423-20241-001/,To be announced,In-Person,,4,L6231,TR,20241LAW_6423L001,LECTURE
LAW_ L6425,FEDERAL COURTS,,Thomas P Schmidt,2:50pm,4:40pm,10076,Morningside,L6425-20241-001,,Law,LAW_,,http://www.columbia.edu/cu/bulletin/uwb/subj/LAW_/L6425-20241-001/,To be announced,In-Person,,4,,MW,20241LAW_6425L001,LECTURE
LAW_ L6467,MILITARY LAW AND THE CONST,,Michel Paradis,4:20pm,6:10pm,10100,Morningside,L6467-20241-001,MILITARY LAW AND THE CONS,Law,LAW_,,http://www.columbia.edu/cu/bulletin/uwb/subj/LAW_/L6467-20241-001/,To be announced,In-Person,,2,,M,20241LAW_6467L001,LECTURE
LAW_ L6473,LABOR LAW,,Mark Barenberg,1:20pm,2:40pm,10092,Morningside,L6473-20241-001,,Law,LAW_,,http://www.columbia.edu/cu/bulletin/uwb/subj/LAW_/L6473-20241-001/,To be announced,In-Person,,4,,MTW,20241LAW_6473L001,LECTURE
LAW_ L6483,REAL ESTATE TRANSACTIONS,"See Law School Curriculum Guide for details. 

",Richard Sobelsohn,6:20pm,8:10pm,10116,Morningside,L6483-20241-001,,Law,LAW_,,http://www.columbia.edu/cu/bulletin/uwb/subj/LAW_/L6483-20241-001/,To be announced,In-Person,,2,,W,20241LAW_6483L001,LECTURE
LAW_ L6484,TRADEMARKS,,Jane C Ginsburg,2:50pm,4:10pm,10193,Morningside,L6484-20241-001,,Law,LAW_,https://en.wikipedia.org/wiki/Jane_C._Ginsburg,http://www.columbia.edu/cu/bulletin/uwb/subj/LAW_/L6484-20241-001/,To be announced,In-Person,,3,,MW,20241LAW_6484L001,LECTURE
LAW_ L6502,ADV CRIM LAW: DEATH PENALTY,,Jeffrey A Fagan,2:50pm,4:10pm,10004,Morningside,L6502-20241-001,ADV CRIM LAW: DEATH PENAL,Law,LAW_,https://en.wikipedia.org/wiki/Jeffrey_Fagan,http://www.columbia.edu/cu/bulletin/uwb/subj/LAW_/L6502-20241-001/,To be announced,In-Person,,3,,MW,20241LAW_6502L001,LECTURE
LAW_ L6506,GENDER JUSTICE,,Katherine Franke,4:20pm,6:10pm,10079,Morningside,L6506-20241-001,,Law,LAW_,https://en.wikipedia.org/wiki/Katherine_Franke,http://www.columbia.edu/cu/bulletin/uwb/subj/LAW_/L6506-20241-001/,To be announced,In-Person,,2,,T,20241LAW_6506L001,LECTURE
LAW_ L6519,S. Rebuilding Government,,Charles Sabel,4:20pm,6:10pm,10172,Morningside,L6519-20241-001,S REBUILDING GOVERNMENT,Law,LAW_,https://en.wikipedia.org/wiki/Charles_Sabel,http://www.columbia.edu/cu/bulletin/uwb/subj/LAW_/L6519-20241-001/,To be announced,In-Person,,2,,M,20241LAW_6519L001,SEMINAR
LAW_ L6536,BANKRUPTCY LAW,,Edward R Morrison,10:10am,12:00pm,10012,Morningside,L6536-20241-001,,Law,LAW_,https://en.wikipedia.org/wiki/Edward_R._Morrison,http://www.columbia.edu/cu/bulletin/uwb/subj/LAW_/L6536-20241-001/,To be announced,In-Person,,4,,TR,20241LAW_6536L001,LECTURE
LAW_ L6601,EXT: CITY & STATE POLICY ADV,,,2:20pm,4:10pm,10058,Morningside,L6601-20241-001,EXT: CITY & STATE POLICY,Law,LAW_,,http://www.columbia.edu/cu/bulletin/uwb/subj/LAW_/L6601-20241-001/,To be announced,In-Person,,2,,W,20241LAW_6601L001,COLLOQUIA
LAW_ L6601,EXT: CITY & STATE POLICY ADV,,,,,10059,Morningside,L6601-20241-002,EXT: CITY & STATE POLICY,Law,LAW_,,http://www.columbia.edu/cu/bulletin/uwb/subj/LAW_/L6601-20241-002/,,In-Person,,2,,,20241LAW_6601L002,COLLOQUIA
LAW_ L6602,EXT: REPRESENTNG NYC,,,6:20pm,8:10pm,10066,Morningside,L6602-20241-001,,Law,LAW_,,http://www.columbia.edu/cu/bulletin/uwb/subj/LAW_/L6602-20241-001/,To be announced,In-Person,,2,,M,20241LAW_6602L001,COLLOQUIA
LAW_ L6602,EXT: REPRESENTNG NYC,,,,,10067,Morningside,L6602-20241-002,,Law,LAW_,,http://www.columbia.edu/cu/bulletin/uwb/subj/LAW_/L6602-20241-002/,,In-Person,,2,,,20241LAW_6602L002,COLLOQUIA
LAW_ L6606,Externship: Environmental Practice,,Scott A Edwards,6:20pm,8:10pm,10074,Morningside,L6606-20241-001,Ex. Environmental Practic,Law,LAW_,,http://www.columbia.edu/cu/bulletin/uwb/subj/LAW_/L6606-20241-001/,To be announced,In-Person,,2,,R,20241LAW_6606L001,EXTERNSHIP
LAW_ L6606,Externship: Environmental Practice,,Scott A Edwards,,,10075,Morningside,L6606-20241-002,Ex. Environmental Practic,Law,LAW_,,http://www.columbia.edu/cu/bulletin/uwb/subj/LAW_/L6606-20241-002/,,In-Person,,2,,,20241LAW_6606L002,EXTERNSHIP
LAW_ L6612,Ex. Sanctuary for Families: Domestic Vio,,Rosalyn Richter,4:20pm,6:10pm,10068,Morningside,L6612-20241-001,EX SANCTUARY FOR FAMILIES,Law,LAW_,,http://www.columbia.edu/cu/bulletin/uwb/subj/LAW_/L6612-20241-001/,To be announced,In-Person,,2,,T,20241LAW_6612L001,EXTERNSHIP
LAW_ L6612,Ex. Sanctuary for Families: Domestic Vio,,Rosalyn Richter,,,10069,Morningside,L6612-20241-002,EX SANCTUARY FOR FAMILIES,Law,LAW_,,http://www.columbia.edu/cu/bulletin/uwb/subj/LAW_/L6612-20241-002/,,In-Person,,2,,,20241LAW_6612L002,EXTERNSHIP
LAW_ L6614,Ex. Veterans' Rights,"This externship introduces students to the challenges faced by military veterans in accessing federal
 benefits. New York is home to more than 800,000 veterans and recent studies have found that New York
 veterans have a lower income than the national average despite numerous financial benefit programs
 specific to this population. Less than 17% of New York veterans and only 15.5% of New York City
 veterans receive VA disability benefits, significantly lower than the national average of 23-24%. The
 New York Legal Assistance Group’s Veterans Practice has focused its efforts on addressing two
 potential causes of this disparity, eligibility issues related to discharge status and lack of representation
 in the disability claims process. Course content and fieldwork will train students to effectively and
 compassionately advocate for veteran clients as they navigate the discharge upgrade and VA disability
 benefit processes.

",,,,10196,Morningside,L6614-20241-002,,Law,LAW_,,http://www.columbia.edu/cu/bulletin/uwb/subj/LAW_/L6614-20241-002/,,In-Person,,2,,,20241LAW_6614L002,EXTERNSHIP
LAW_ L6661,EXT:FED CT CLERK SOUTHERN DNY,,Paul B Radvany,6:20pm,8:10pm,10051,Morningside,L6661-20241-001,EXT:FED CT CLERK SOUTHERN,Law,LAW_,,http://www.columbia.edu/cu/bulletin/uwb/subj/LAW_/L6661-20241-001/,To be announced,In-Person,,1,,W,20241LAW_6661L001,CLERKSHIP
LAW_ L6661,EXT:FED CT CLERK SOUTHERN DNY,,Paul B Radvany,,,10052,Morningside,L6661-20241-002,EXT:FED CT CLERK SOUTHERN,Law,LAW_,,http://www.columbia.edu/cu/bulletin/uwb/subj/LAW_/L6661-20241-002/,,In-Person,,3,,,20241LAW_6661L002,CLERKSHIP
LAW_ L6663,EXTERNSHIP: CRIMINAL APPEALS,,Arielle I Reid,6:20pm,8:10pm,10044,Morningside,L6663-20241-001,EXTERNSHIP: CRIMINAL APPE,Law,LAW_,,http://www.columbia.edu/cu/bulletin/uwb/subj/LAW_/L6663-20241-001/,To be announced,In-Person,,2,,M,20241LAW_6663L001,CLERKSHIP
LAW_ L6663,EXTERNSHIP: CRIMINAL APPEALS,,Arielle I Reid,,,10045,Morningside,L6663-20241-002,EXTERNSHIP: CRIMINAL APPE,Law,LAW_,,http://www.columbia.edu/cu/bulletin/uwb/subj/LAW_/L6663-20241-002/,,In-Person,,2,,,20241LAW_6663L002,CLERKSHIP
LAW_ L6664,EXTERNSHIP:FED APPELLATE COURT,,,5:30pm,7:20pm,10050,Morningside,L6664-20241-001,EXTERNSHIP:FED APPELLATE,Law,LAW_,,http://www.columbia.edu/cu/bulletin/uwb/subj/LAW_/L6664-20241-001/,To be announced,In-Person,,1,,W,20241LAW_6664L001,CLERKSHIP
LAW_ L6664,EXTERNSHIP:FED APPELLATE COURT,,,,,10197,Morningside,L6664-20241-002,EXTERNSHIP:FED APPELLATE,Law,LAW_,,http://www.columbia.edu/cu/bulletin/uwb/subj/LAW_/L6664-20241-002/,,In-Person,,3,,,20241LAW_6664L002,CLERKSHIP
LAW_ L6672,MINOR WRITING CREDIT,,,,,10198,Morningside,L6672-20241-001,,Law,LAW_,,http://www.columbia.edu/cu/bulletin/uwb/subj/LAW_/L6672-20241-001/,,In-Person,,0,,,20241LAW_6672L001,INDEPENDENT
LAW_ L6675,MAJOR WRITING CREDIT,,,,,10199,Morningside,L6675-20241-001,,Law,LAW_,,http://www.columbia.edu/cu/bulletin/uwb/subj/LAW_/L6675-20241-001/,,In-Person,,0,,,20241LAW_6675L001,INDEPENDENT
LAW_ L6675,MAJOR WRITING CREDIT,,,,,10200,Morningside,L6675-20241-002,,Law,LAW_,,http://www.columbia.edu/cu/bulletin/uwb/subj/LAW_/L6675-20241-002/,,In-Person,,0,,,20241LAW_6675L002,INDEPENDENT
LAW_ L6683,SUPERVISED RESEARCH PAPER,,,,,10201,Morningside,L6683-20241-001,,Law,LAW_,,http://www.columbia.edu/cu/bulletin/uwb/subj/LAW_/L6683-20241-001/,,In-Person,,1-3,,,20241LAW_6683L001,INDEPENDENT
LAW_ L6683,SUPERVISED RESEARCH PAPER,,,,,10202,Morningside,L6683-20241-002,,Law,LAW_,,http://www.columbia.edu/cu/bulletin/uwb/subj/LAW_/L6683-20241-002/,,In-Person,,1-3,,,20241LAW_6683L002,INDEPENDENT
LAW_ L6683,SUPERVISED RESEARCH PAPER,,,,,10203,Morningside,L6683-20241-003,,Law,LAW_,,http://www.columbia.edu/cu/bulletin/uwb/subj/LAW_/L6683-20241-003/,,In-Person,,1,,,20241LAW_6683L003,INDEPENDENT
LAW_ L6683,SUPERVISED RESEARCH PAPER,,,,,10204,Morningside,L6683-20241-004,,Law,LAW_,,http://www.columbia.edu/cu/bulletin/uwb/subj/LAW_/L6683-20241-004/,,In-Person,,1,,,20241LAW_6683L004,INDEPENDENT
LAW_ L6685,SERV-UNPAID FACULTY RSRCH ASST,,,,,10205,Morningside,L6685-20241-001,SERV-UNPAID FACULTY RSRCH,Law,LAW_,,http://www.columbia.edu/cu/bulletin/uwb/subj/LAW_/L6685-20241-001/,,In-Person,,1-2,,,20241LAW_6685L001,INDEPENDENT
LAW_ L6685,SERV-UNPAID FACULTY RSRCH ASST,,,,,10206,Morningside,L6685-20241-002,SERV-UNPAID FACULTY RSRCH,Law,LAW_,,http://www.columbia.edu/cu/bulletin/uwb/subj/LAW_/L6685-20241-002/,,In-Person,,1-2,,,20241LAW_6685L002,INDEPENDENT
LAW_ L6685,SERV-UNPAID FACULTY RSRCH ASST,,,,,10207,Morningside,L6685-20241-003,SERV-UNPAID FACULTY RSRCH,Law,LAW_,,http://www.columbia.edu/cu/bulletin/uwb/subj/LAW_/L6685-20241-003/,,In-Person,,1,,,20241LAW_6685L003,INDEPENDENT
LAW_ L6689,SUPERVISED RESEARCH: CRSE REL,,,,,10208,Morningside,L6689-20241-001,SUPERVISED RESEARCH: CRSE,Law,LAW_,,http://www.columbia.edu/cu/bulletin/uwb/subj/LAW_/L6689-20241-001/,,In-Person,,1-2,,,20241LAW_6689L001,INDEPENDENT
LAW_ L6689,SUPERVISED RESEARCH: CRSE REL,,,,,10209,Morningside,L6689-20241-002,SUPERVISED RESEARCH: CRSE,Law,LAW_,,http://www.columbia.edu/cu/bulletin/uwb/subj/LAW_/L6689-20241-002/,,In-Person,,1-2,,,20241LAW_6689L002,INDEPENDENT
LAW_ L6691,RESEARCH FOR THE LL.M. DEGREE,,,,,10210,Morningside,L6691-20241-001,RESEARCH FOR THE LL.M. DE,Law,LAW_,,http://www.columbia.edu/cu/bulletin/uwb/subj/LAW_/L6691-20241-001/,,In-Person,,1-6,,,20241LAW_6691L001,INDEPENDENT
LAW_ L6691,RESEARCH FOR THE LL.M. DEGREE,,,,,10211,Morningside,L6691-20241-002,RESEARCH FOR THE LL.M. DE,Law,LAW_,,http://www.columbia.edu/cu/bulletin/uwb/subj/LAW_/L6691-20241-002/,,In-Person,,1-6,,,20241LAW_6691L002,INDEPENDENT
LAW_ L6691,RESEARCH FOR THE LL.M. DEGREE,,,,,10212,Morningside,L6691-20241-003,RESEARCH FOR THE LL.M. DE,Law,LAW_,,http://www.columbia.edu/cu/bulletin/uwb/subj/LAW_/L6691-20241-003/,,In-Person,,1-6,,,20241LAW_6691L003,INDEPENDENT
LAW_ L6692,LL.M. ESSAY,,,,,10213,Morningside,L6692-20241-001,,Law,LAW_,,http://www.columbia.edu/cu/bulletin/uwb/subj/LAW_/L6692-20241-001/,,In-Person,,1-8,,,20241LAW_6692L001,INDEPENDENT
LAW_ L6694,LLM WRITING PROJECT,,,,,10214,Morningside,L6694-20241-001,,Law,LAW_,,http://www.columbia.edu/cu/bulletin/uwb/subj/LAW_/L6694-20241-001/,,In-Person,,0,,,20241LAW_6694L001,INDEPENDENT
LAW_ L6695,Supervised JD Experiential Project,,,,,10215,Morningside,L6695-20241-001,Supervised JD Experientia,Law,LAW_,,http://www.columbia.edu/cu/bulletin/uwb/subj/LAW_/L6695-20241-001/,,In-Person,,1-3,,,20241LAW_6695L001,INDEPENDENT
LAW_ L6695,Supervised JD Experiential Project,,,,,10216,Morningside,L6695-20241-002,Supervised JD Experientia,Law,LAW_,,http://www.columbia.edu/cu/bulletin/uwb/subj/LAW_/L6695-20241-002/,,In-Person,,1-3,,,20241LAW_6695L002,INDEPENDENT
LAW_ L6696,Supervised JD Exp Proj Course Relat,,,,,10217,Morningside,L6696-20241-001,Supervised JD Exp Proj Co,Law,LAW_,,http://www.columbia.edu/cu/bulletin/uwb/subj/LAW_/L6696-20241-001/,,In-Person,,1-3,,,20241LAW_6696L001,INDEPENDENT
LAW_ L6792,EXTERNSHP:BRONX DEFENDERS,,,,,10218,Morningside,L6792-20241-002,,Law,LAW_,,http://www.columbia.edu/cu/bulletin/uwb/subj/LAW_/L6792-20241-002/,,In-Person,,2,,,20241LAW_6792L002,CLERKSHIP
LAW_ L6793,EXT:UNDOCUMENT IMMIGRANT YOUTH,,,6:20pm,8:10pm,10056,Morningside,L6793-20241-001,EXT:UNDOCUMENT IMMIGRANT,Law,LAW_,,http://www.columbia.edu/cu/bulletin/uwb/subj/LAW_/L6793-20241-001/,To be announced,In-Person,,2,,T,20241LAW_6793L001,CLERKSHIP
LAW_ L6793,EXT:UNDOCUMENT IMMIGRANT YOUTH,,,,,10057,Morningside,L6793-20241-002,EXT:UNDOCUMENT IMMIGRANT,Law,LAW_,,http://www.columbia.edu/cu/bulletin/uwb/subj/LAW_/L6793-20241-002/,,In-Person,,3,,,20241LAW_6793L002,CLERKSHIP
LAW_ L6795,EX. PRO BONO SCHOLARS,,Peggy M Cross,2:50pm,6:10pm,10064,Morningside,L6795-20241-001,,Law,LAW_,,http://www.columbia.edu/cu/bulletin/uwb/subj/LAW_/L6795-20241-001/,To be announced,In-Person,,4,,R,20241LAW_6795L001,LECTURE
LAW_ L6795,EX. PRO BONO SCHOLARS,,Peggy M Cross,,,10065,Morningside,L6795-20241-002,,Law,LAW_,,http://www.columbia.edu/cu/bulletin/uwb/subj/LAW_/L6795-20241-002/,,In-Person,,8,,,20241LAW_6795L002,LECTURE
LAW_ L6796,EXTERNSHIP: CIVIL LITIGATION - EMPLOYMEN,,,4:20pm,6:10pm,10060,Morningside,L6796-20241-001,EXT: CIVIL LITIGAT EMPLOY,Law,LAW_,,http://www.columbia.edu/cu/bulletin/uwb/subj/LAW_/L6796-20241-001/,To be announced,In-Person,,2,,M,20241LAW_6796L001,CLERKSHIP
LAW_ L6796,EXTERNSHIP: CIVIL LITIGATION - EMPLOYMEN,,,,,10061,Morningside,L6796-20241-002,EXT: CIVIL LITIGAT EMPLOY,Law,LAW_,,http://www.columbia.edu/cu/bulletin/uwb/subj/LAW_/L6796-20241-002/,,In-Person,,3,,,20241LAW_6796L002,CLERKSHIP
LAW_ L6822,TEACHING FELLOWS,,,,,10219,Morningside,L6822-20241-001,,Law,LAW_,,http://www.columbia.edu/cu/bulletin/uwb/subj/LAW_/L6822-20241-001/,,In-Person,,1-4,,,20241LAW_6822L001,INDEPENDENT
LAW_ L6822,TEACHING FELLOWS,,,,,10220,Morningside,L6822-20241-002,,Law,LAW_,,http://www.columbia.edu/cu/bulletin/uwb/subj/LAW_/L6822-20241-002/,,In-Person,,1-4,,,20241LAW_6822L002,INDEPENDENT
LAW_ L6822,TEACHING FELLOWS,,,,,10221,Morningside,L6822-20241-003,,Law,LAW_,,http://www.columbia.edu/cu/bulletin/uwb/subj/LAW_/L6822-20241-003/,,In-Person,,1-4,,,20241LAW_6822L003,INDEPENDENT
LAW_ L6854,Business Bankruptcy: Financial Restructu,,,2:50pm,4:10pm,10013,Morningside,L6854-20241-001,Business Bankruptcy: Fina,Law,LAW_,,http://www.columbia.edu/cu/bulletin/uwb/subj/LAW_/L6854-20241-001/,To be announced,In-Person,,3,,MW,20241LAW_6854L001,LECTURE
LAW_ L6912,TRANSNATIONAL LITIGATION,,George A Bermann,1:20pm,2:40pm,10194,Morningside,L6912-20241-001,,Law,LAW_,https://en.wikipedia.org/wiki/George_Bermann,http://www.columbia.edu/cu/bulletin/uwb/subj/LAW_/L6912-20241-001/,To be announced,In-Person,,3,,TR,20241LAW_6912L001,LECTURE
LAW_ L6917,"S. Litigation, Economics, and Statistics",,Justin R McCrary,10:10am,12:00pm,10158,Morningside,L6917-20241-001,S LITIGATION ECON AND STA,Law,LAW_,,http://www.columbia.edu/cu/bulletin/uwb/subj/LAW_/L6917-20241-001/,To be announced,In-Person,,2,,R,20241LAW_6917L001,SEMINAR
LAW_ L6922,REAL ESTATE FINANCE,,,9:10am,10:30am,10115,Morningside,L6922-20241-001,,Law,LAW_,,http://www.columbia.edu/cu/bulletin/uwb/subj/LAW_/L6922-20241-001/,To be announced,In-Person,,3,,MW,20241LAW_6922L001,LECTURE
LAW_ L7990,Introduction to Intellectual Property La,,Shyamkrishna Balganesh,1:20pm,2:40pm,10090,Morningside,L7990-20241-001,INTRO TO INTELLECTUAL PRO,Law,LAW_,,http://www.columbia.edu/cu/bulletin/uwb/subj/LAW_/L7990-20241-001/,To be announced,In-Person,,3,,TR,20241LAW_7990L001,LECTURE
LAW_ L8001,EXTERNSHP:FEDERAL GOV'T IN DC,,,,,10053,Morningside,L8001-20241-003,EXTERNSHP:FEDERAL GOV'T I,Law,LAW_,,http://www.columbia.edu/cu/bulletin/uwb/subj/LAW_/L8001-20241-003/,,In-Person,,8,,,20241LAW_8001L003,CLERKSHIP
LAW_ L8001,EXTERNSHP:FEDERAL GOV'T IN DC,,William Yeomans,,,10054,Morningside,L8001-20241-001,EXTERNSHP:FEDERAL GOV'T I,Law,LAW_,,http://www.columbia.edu/cu/bulletin/uwb/subj/LAW_/L8001-20241-001/,,In-Person,,1,,,20241LAW_8001L001,CLERKSHIP
LAW_ L8001,EXTERNSHP:FEDERAL GOV'T IN DC,,,,,10055,Morningside,L8001-20241-002,EXTERNSHP:FEDERAL GOV'T I,Law,LAW_,,http://www.columbia.edu/cu/bulletin/uwb/subj/LAW_/L8001-20241-002/,,In-Person,,3,,,20241LAW_8001L002,CLERKSHIP
LAW_ L8006,SEM-DOMESTIC VIOLENCE/THE LAW,"This is a Law School course. For more detailed course information, please go to the Law School Curriculum Guide at: http://www.law.columbia.edu/courses/search
",Dorchin Leidholdt,6:20pm,8:10pm,10137,Morningside,L8006-20241-001,SEM-DOMESTIC VIOLENCE/THE,Law,LAW_,,http://www.columbia.edu/cu/bulletin/uwb/subj/LAW_/L8006-20241-001/,To be announced,In-Person,,2,,M,20241LAW_8006L001,SEMINAR
LAW_ L8016,S PUB EDUC POLICY SEM & PRACT,,,,,10107,Morningside,L8016-20241-002,S PUB EDUC POLICY SEM & P,Law,LAW_,,http://www.columbia.edu/cu/bulletin/uwb/subj/LAW_/L8016-20241-002/,,In-Person,,6,,,20241LAW_8016L002,SEMINAR
LAW_ L8016,S PUB EDUC POLICY SEM & PRACT,,,,,10108,Morningside,L8016-20241-003,S PUB EDUC POLICY SEM & P,Law,LAW_,,http://www.columbia.edu/cu/bulletin/uwb/subj/LAW_/L8016-20241-003/,,In-Person,,2,,,20241LAW_8016L003,SEMINAR
LAW_ L8016,S PUB EDUC POLICY SEM & PRACT,,,9:00am,1:00pm,10180,Morningside,L8016-20241-001,S PUB EDUC POLICY SEM & P,Law,LAW_,,http://www.columbia.edu/cu/bulletin/uwb/subj/LAW_/L8016-20241-001/,To be announced,In-Person,,5,,MTWRF,20241LAW_8016L001,SEMINAR
LAW_ L8068,S. Rethinking Globalization,,Charles Sabel,4:20pm,6:10pm,10174,Morningside,L8068-20241-001,S. Rethinking Globalizati,Law,LAW_,https://en.wikipedia.org/wiki/Charles_Sabel,http://www.columbia.edu/cu/bulletin/uwb/subj/LAW_/L8068-20241-001/,To be announced,In-Person,,3,,W,20241LAW_8068L001,SEMINAR
LAW_ L8072,S READING THE CONSTITUTION,,Akhil R Amar,2:20pm,4:10pm,10122,Morningside,L8072-20241-001,S READING THE CONSTITUTIO,Law,LAW_,,http://www.columbia.edu/cu/bulletin/uwb/subj/LAW_/L8072-20241-001/,To be announced,In-Person,,2,,T,20241LAW_8072L001,SEMINAR
LAW_ L8106,S SOCIAL MEDIA,,,6:20pm,8:10pm,10156,Morningside,L8106-20241-001,,Law,LAW_,,http://www.columbia.edu/cu/bulletin/uwb/subj/LAW_/L8106-20241-001/,To be announced,In-Person,,2,,T,20241LAW_8106L001,SEMINAR
LAW_ L8115,SEM-NEGOTIATION WORKSHOP,"This is a Law School course. For more detailed course information, please go to the Law School Curriculum Guide at: http://www.law.columbia.edu/courses/search
",,,,10159,Morningside,L8115-20241-001,,Law,LAW_,,http://www.columbia.edu/cu/bulletin/uwb/subj/LAW_/L8115-20241-001/,,In-Person,,3,,,20241LAW_8115L001,SEMINAR
LAW_ L8115,SEM-NEGOTIATION WORKSHOP,"This is a Law School course. For more detailed course information, please go to the Law School Curriculum Guide at: http://www.law.columbia.edu/courses/search
",Avery W Katz,10:00am,1:00pm,10160,Morningside,L8115-20241-002,,Law,LAW_,,http://www.columbia.edu/cu/bulletin/uwb/subj/LAW_/L8115-20241-002/,To be announced,In-Person,,3,,F,20241LAW_8115L002,SEMINAR
LAW_ L8115,SEM-NEGOTIATION WORKSHOP,"This is a Law School course. For more detailed course information, please go to the Law School Curriculum Guide at: http://www.law.columbia.edu/courses/search
",Mavis K Fowler,6:20pm,9:10pm,10161,Morningside,L8115-20241-003,,Law,LAW_,,http://www.columbia.edu/cu/bulletin/uwb/subj/LAW_/L8115-20241-003/,To be announced,In-Person,,3,,R,20241LAW_8115L003,SEMINAR
LAW_ L8115,SEM-NEGOTIATION WORKSHOP,"This is a Law School course. For more detailed course information, please go to the Law School Curriculum Guide at: http://www.law.columbia.edu/courses/search
",Edward C Frischling,10:00am,1:00pm,10162,Morningside,L8115-20241-004,,Law,LAW_,,http://www.columbia.edu/cu/bulletin/uwb/subj/LAW_/L8115-20241-004/,To be announced,In-Person,,3,,F,20241LAW_8115L004,SEMINAR
LAW_ L8115,SEM-NEGOTIATION WORKSHOP,"This is a Law School course. For more detailed course information, please go to the Law School Curriculum Guide at: http://www.law.columbia.edu/courses/search
",Jay A Hewlin,10:00am,1:00pm,10163,Morningside,L8115-20241-005,,Law,LAW_,,http://www.columbia.edu/cu/bulletin/uwb/subj/LAW_/L8115-20241-005/,To be announced,In-Person,,3,,F,20241LAW_8115L005,SEMINAR
LAW_ L8115,SEM-NEGOTIATION WORKSHOP,"This is a Law School course. For more detailed course information, please go to the Law School Curriculum Guide at: http://www.law.columbia.edu/courses/search
",David S Ross,10:00am,1:00pm,10164,Morningside,L8115-20241-006,,Law,LAW_,,http://www.columbia.edu/cu/bulletin/uwb/subj/LAW_/L8115-20241-006/,To be announced,In-Person,,3,,F,20241LAW_8115L006,SEMINAR
LAW_ L8115,SEM-NEGOTIATION WORKSHOP,"This is a Law School course. For more detailed course information, please go to the Law School Curriculum Guide at: http://www.law.columbia.edu/courses/search
",Katerina M Yiannibas,10:00am,1:00pm,10165,Morningside,L8115-20241-007,,Law,LAW_,,http://www.columbia.edu/cu/bulletin/uwb/subj/LAW_/L8115-20241-007/,To be announced,In-Person,,3,,F,20241LAW_8115L007,SEMINAR
LAW_ L8115,SEM-NEGOTIATION WORKSHOP,"This is a Law School course. For more detailed course information, please go to the Law School Curriculum Guide at: http://www.law.columbia.edu/courses/search
",Katerina M Yiannibas,6:20pm,9:10pm,10166,Morningside,L8115-20241-008,,Law,LAW_,,http://www.columbia.edu/cu/bulletin/uwb/subj/LAW_/L8115-20241-008/,To be announced,In-Person,,3,,R,20241LAW_8115L008,SEMINAR
LAW_ L8116,S ADV NEGIATION WORKSHOP," course decription 

",David S Ross,6:20pm,9:10pm,10125,Morningside,L8116-20241-001,,Law,LAW_,,http://www.columbia.edu/cu/bulletin/uwb/subj/LAW_/L8116-20241-001/,To be announced,In-Person,,3,,W,20241LAW_8116L001,SEMINAR
LAW_ L8127,S INTL ARBITRATION IN LAT AMER,,Alejandro M Garro,4:20pm,6:10pm,10147,Morningside,L8127-20241-001,S INTL ARBITRATION IN LAT,Law,LAW_,,http://www.columbia.edu/cu/bulletin/uwb/subj/LAW_/L8127-20241-001/,To be announced,In-Person,,2,,W,20241LAW_8127L001,SEMINAR
LAW_ L8137,S ADV INTER COMM ARBITRATION,,Robert H Smit,4:20pm,6:10pm,10123,Morningside,L8137-20241-001,S ADV INTER COMM ARBITRAT,Law,LAW_,,http://www.columbia.edu/cu/bulletin/uwb/subj/LAW_/L8137-20241-001/,To be announced,In-Person,,2,,W,20241LAW_8137L001,SEMINAR
LAW_ L8138,S. INTERNATIONAL BANKING AND F,,Georges Ugeux,1:40pm,3:30pm,10148,Morningside,L8138-20241-001,S. INTERNATIONAL BANKING,Law,LAW_,https://en.wikipedia.org/wiki/Georges_Ugeux,http://www.columbia.edu/cu/bulletin/uwb/subj/LAW_/L8138-20241-001/,To be announced,In-Person,,2,,F,20241LAW_8138L001,SEMINAR
LAW_ L8168,S DRAFT NEGOTIATE INTEL PRO DOC,,Mavis K Fowler,7:20pm,9:10pm,10146,Morningside,L8168-20241-001,S DRAFT NEGOTIATE INTEL P,Law,LAW_,,http://www.columbia.edu/cu/bulletin/uwb/subj/LAW_/L8168-20241-001/,To be announced,In-Person,,2,,W,20241LAW_8168L001,SEMINAR
LAW_ L8187,S PRE-TRIAL COMMERCIAL LITGTN,,,6:20pm,8:10pm,10170,Morningside,L8187-20241-001,S PRE-TRIAL COMMERCIAL LI,Law,LAW_,,http://www.columbia.edu/cu/bulletin/uwb/subj/LAW_/L8187-20241-001/,To be announced,In-Person,,2,,W,20241LAW_8187L001,SEMINAR
LAW_ L8206,"Non-Profit Law, Taxation and Policy","See CLS Curriculum Guide

",David M Schizer,1:20pm,2:40pm,10101,Morningside,L8206-20241-001,NON-PROFIT LAW TAXATION P,Law,LAW_,https://en.wikipedia.org/wiki/David_Schizer,http://www.columbia.edu/cu/bulletin/uwb/subj/LAW_/L8206-20241-001/,To be announced,In-Person,,3,,TR,20241LAW_8206L001,SEMINAR
LAW_ L8242,S ADV SECURITIES REGULATION,,,4:20pm,6:10pm,10126,Morningside,L8242-20241-001,S ADV SECURITIES REGULATI,Law,LAW_,,http://www.columbia.edu/cu/bulletin/uwb/subj/LAW_/L8242-20241-001/,To be announced,In-Person,,2,,M,20241LAW_8242L001,SEMINAR
LAW_ L8245,S ENTREPRENEURSHIP,,,6:20pm,8:10pm,10140,Morningside,L8245-20241-001,,Law,LAW_,,http://www.columbia.edu/cu/bulletin/uwb/subj/LAW_/L8245-20241-001/,To be announced,In-Person,,2,,R,20241LAW_8245L001,SEMINAR
LAW_ L8296,S. Academic Scholars,,Jody Kraus,10:00am,12:00pm,10119,Morningside,L8296-20241-001,,Law,LAW_,https://en.wikipedia.org/wiki/Jody_Kraus,http://www.columbia.edu/cu/bulletin/uwb/subj/LAW_/L8296-20241-001/,To be announced,In-Person,,1,,F,20241LAW_8296L001,SEMINAR
LAW_ L8408,S GLOBAL INSIDE COUNSEL,,Michael S Solender,6:20pm,8:10pm,10143,Morningside,L8408-20241-001,,Law,LAW_,,http://www.columbia.edu/cu/bulletin/uwb/subj/LAW_/L8408-20241-001/,To be announced,In-Person,,2,,R,20241LAW_8408L001,SEMINAR
LAW_ L8410,LAWYER LEADERSHIP,,Richard W Gray,,,10104,Morningside,L8410-20241-003,,Law,LAW_,,http://www.columbia.edu/cu/bulletin/uwb/subj/LAW_/L8410-20241-003/,,In-Person,,2,,,20241LAW_8410L003,SEMINAR
LAW_ L8410,LAWYER LEADERSHIP,,,1:20pm,2:40pm,10105,Morningside,L8410-20241-001,,Law,LAW_,,http://www.columbia.edu/cu/bulletin/uwb/subj/LAW_/L8410-20241-001/,To be announced,In-Person,,3,,MW,20241LAW_8410L001,SEMINAR
LAW_ L8410,LAWYER LEADERSHIP,,Susan P Sturm,,,10106,Morningside,L8410-20241-002,,Law,LAW_,,http://www.columbia.edu/cu/bulletin/uwb/subj/LAW_/L8410-20241-002/,,In-Person,,2,,,20241LAW_8410L002,SEMINAR
LAW_ L8420,S. Sports Law; A Dispute Resolution Pers,"See CLS Curriculum Guide

",Jill E Pilgrim,4:20pm,6:10pm,10179,Morningside,L8420-20241-001,S SPORTS LAW; DISPUTE RES,Law,LAW_,,http://www.columbia.edu/cu/bulletin/uwb/subj/LAW_/L8420-20241-001/,To be announced,In-Person,,2,,M,20241LAW_8420L001,SEMINAR
LAW_ L8422,S. Law & Finance of the Art Market,"See CLS curriculum guide for description 

",Cathy M Kaplan,4:20pm,6:10pm,10155,Morningside,L8422-20241-002,S LAW & FIN OF THE ART MA,Law,LAW_,,http://www.columbia.edu/cu/bulletin/uwb/subj/LAW_/L8422-20241-002/,To be announced,In-Person,,2,,T,20241LAW_8422L002,SEMINAR
LAW_ L8451,S ADVANCED CLIMATE CHANGE LAW,,Michael Gerrard,4:20pm,6:10pm,10121,Morningside,L8451-20241-001,S ADVANCED CLIMATE CHANGE,Law,LAW_,https://en.wikipedia.org/wiki/Michael_Gerrard,http://www.columbia.edu/cu/bulletin/uwb/subj/LAW_/L8451-20241-001/,To be announced,In-Person,,2,,T,20241LAW_8451L001,SEMINAR
LAW_ L8453,S ENERGY INDUSTRY RESTRUCTURNG,"Refer to Law School Curriculum Guide for description. 

",Robert Grey,6:20pm,8:10pm,10181,Morningside,L8453-20241-001,S TRANS IN EMERG ENERGY I,Law,LAW_,,http://www.columbia.edu/cu/bulletin/uwb/subj/LAW_/L8453-20241-001/,To be announced,In-Person,,2,,R,20241LAW_8453L001,SEMINAR
LAW_ L8484,S INT'L ECONOMIC MIGRATION,,Anu Bradford,10:00am,12:00pm,10149,Morningside,L8484-20241-001,S INT'L ECONOMIC MIGRATIO,Law,LAW_,https://en.wikipedia.org/wiki/Anu_Bradford,http://www.columbia.edu/cu/bulletin/uwb/subj/LAW_/L8484-20241-001/,To be announced,In-Person,,2,,W,20241LAW_8484L001,SEMINAR
LAW_ L8499,S. Comparative and International Law Wor,,Anu Bradford,4:15pm,6:15pm,10131,Morningside,L8499-20241-001,S COMPAR & INTER LAW WKSH,Law,LAW_,https://en.wikipedia.org/wiki/Anu_Bradford,http://www.columbia.edu/cu/bulletin/uwb/subj/LAW_/L8499-20241-001/,To be announced,In-Person,,1,,W,20241LAW_8499L001,SEMINAR
LAW_ L8516,S. Election Law for Civil Rights Lawyers,"See CLS Curriculum Guide. 

",Myrna Perez,6:20pm,8:10pm,10138,Morningside,L8516-20241-001,S ELECTION LAW FOR CIV RI,Law,LAW_,https://en.wikipedia.org/wiki/Myrna_P%C3%A9rez,http://www.columbia.edu/cu/bulletin/uwb/subj/LAW_/L8516-20241-001/,To be announced,In-Person,,2,,W,20241LAW_8516L001,SEMINAR
LAW_ L8517,Workshop on Facilitating Meaningful Reen,"See CLS Curriculum Guide

",Ilene Strauss,6:20pm,8:10pm,10195,Morningside,L8517-20241-001,WRKSHP:FACILITATING REENT,Law,LAW_,,http://www.columbia.edu/cu/bulletin/uwb/subj/LAW_/L8517-20241-001/,To be announced,In-Person,,2-3,,T,20241LAW_8517L001,WORKSHOP
LAW_ L8615,S NONPROFIT LAW AND POLICY,,David Pozen,9:10am,10:30am,10102,Morningside,L8615-20241-001,S NONPROFIT LAW AND POLIC,Law,LAW_,,http://www.columbia.edu/cu/bulletin/uwb/subj/LAW_/L8615-20241-001/,To be announced,In-Person,,3,,MW,20241LAW_8615L001,SEMINAR
LAW_ L8617,S. Regulation of Financial Reporting and,,Thomas W White,4:20pm,6:10pm,10173,Morningside,L8617-20241-001,S REG OF FIN REPORTING &,Law,LAW_,,http://www.columbia.edu/cu/bulletin/uwb/subj/LAW_/L8617-20241-001/,To be announced,In-Person,,2,,M,20241LAW_8617L001,SEMINAR
LAW_ L8631,ENTRPRNSHP & COMM DEVT CLN,,Lynnise Pantin,1:20pm,3:10pm,10037,Morningside,L8631-20241-001,ENTRPRNSHP & COMM DEVT CL,Law,LAW_,,http://www.columbia.edu/cu/bulletin/uwb/subj/LAW_/L8631-20241-001/,To be announced,In-Person,,3,,MW,20241LAW_8631L001,CLINIC
LAW_ L8631,ENTRPRNSHP & COMM DEVT CLN,,Lynnise Pantin,,,10038,Morningside,L8631-20241-002,ENTRPRNSHP & COMM DEVT CL,Law,LAW_,,http://www.columbia.edu/cu/bulletin/uwb/subj/LAW_/L8631-20241-002/,,In-Person,,4,,,20241LAW_8631L002,CLINIC
LAW_ L8633,ADV ENTREPENEURSHIP & COMM DEVEL CLINIC,,Lynnise Pantin,8:00am,9:00am,10005,Morningside,L8633-20241-001,ADV ENTREPENEURSHIP & COM,Law,LAW_,,http://www.columbia.edu/cu/bulletin/uwb/subj/LAW_/L8633-20241-001/,To be announced,In-Person,,1-4,,R,20241LAW_8633L001,CLINIC
LAW_ L8664,S ADV CIV PRO:SCHOL/LIT PERSP,,,4:20pm,6:10pm,10120,Morningside,L8664-20241-001,S ADV CIV PRO:SCHOL/LIT P,Law,LAW_,,http://www.columbia.edu/cu/bulletin/uwb/subj/LAW_/L8664-20241-001/,To be announced,In-Person,,2,,M,20241LAW_8664L001,SEMINAR
LAW_ L8670,S JEWISH LAW & BUSINESS ETHICS,,Saul J Berman,2:20pm,4:10pm,10153,Morningside,L8670-20241-001,S JEWISH LAW & BUSINESS E,Law,LAW_,https://en.wikipedia.org/wiki/Saul_Berman,http://www.columbia.edu/cu/bulletin/uwb/subj/LAW_/L8670-20241-001/,To be announced,In-Person,,2,,R,20241LAW_8670L001,SEMINAR
LAW_ L8671,"S ART, CULTURAL HERTIAGE/LAW",,Jane A Levine,4:20pm,6:10pm,10130,Morningside,L8671-20241-001,"S ART, CULTURAL HERTIAGE/",Law,LAW_,,http://www.columbia.edu/cu/bulletin/uwb/subj/LAW_/L8671-20241-001/,To be announced,In-Person,,2,,M,20241LAW_8671L001,SEMINAR
LAW_ L8701,"EXT: TRUSTS,WILLS & EST PLN",,,4:20pm,6:10pm,10070,Morningside,L8701-20241-001,"EXT: TRUSTS,WILLS & EST P",Law,LAW_,,http://www.columbia.edu/cu/bulletin/uwb/subj/LAW_/L8701-20241-001/,To be announced,In-Person,,2,,W,20241LAW_8701L001,CLERKSHIP
LAW_ L8701,"EXT: TRUSTS,WILLS & EST PLN",,,,,10071,Morningside,L8701-20241-002,"EXT: TRUSTS,WILLS & EST P",Law,LAW_,,http://www.columbia.edu/cu/bulletin/uwb/subj/LAW_/L8701-20241-002/,,In-Person,,2,,,20241LAW_8701L002,CLERKSHIP
LAW_ L8784,S US CIV & CRIM ENF INTL CARTL,,,6:20pm,8:10pm,10185,Morningside,L8784-20241-001,S US CIV & CRIM ENF INTL,Law,LAW_,,http://www.columbia.edu/cu/bulletin/uwb/subj/LAW_/L8784-20241-001/,To be announced,In-Person,,2,,W,20241LAW_8784L001,SEMINAR
LAW_ L8795,S FOOD LAW & POLICY,,,6:20pm,8:10pm,10141,Morningside,L8795-20241-001,,Law,LAW_,,http://www.columbia.edu/cu/bulletin/uwb/subj/LAW_/L8795-20241-001/,To be announced,In-Person,,2,,M,20241LAW_8795L001,SEMINAR
LAW_ L8797,S SOC & LEGAL REG OF FIREARMS,,Jeffrey A Fagan,4:20pm,6:10pm,10178,Morningside,L8797-20241-001,S SOC & LEGAL REG OF FIRE,Law,LAW_,https://en.wikipedia.org/wiki/Jeffrey_Fagan,http://www.columbia.edu/cu/bulletin/uwb/subj/LAW_/L8797-20241-001/,To be announced,In-Person,,3,,T,20241LAW_8797L001,SEMINAR
LAW_ L8812,S. Public Integrity and Public Corruptio,,Richard Briffault,4:20pm,6:10pm,10171,Morningside,L8812-20241-001,S. Pub. Integrity & Corru,Law,LAW_,https://en.wikipedia.org/wiki/Richard_Briffault,http://www.columbia.edu/cu/bulletin/uwb/subj/LAW_/L8812-20241-001/,To be announced,In-Person,,2,,M,20241LAW_8812L001,SEMINAR
LAW_ L8813,S GEOPOL/LAW/CONFLICT/KORN PEN,,Jeong-Ho Roh,4:20pm,6:10pm,10142,Morningside,L8813-20241-001,S GEOPOL/LAW/CONFLICT/KOR,Law,LAW_,,http://www.columbia.edu/cu/bulletin/uwb/subj/LAW_/L8813-20241-001/,To be announced,In-Person,,2,,W,20241LAW_8813L001,SEMINAR
LAW_ L8816,S TRANSNATL BUSI/HUMAN RIGHTS,"This is a Law School course. For more detailed course information, please go to the Law School Curriculum Guide at: http://www.law.columbia.edu/courses/search
",Anthony P Ewing,4:20pm,6:10pm,10182,Morningside,L8816-20241-001,S TRANSNATL BUSI/HUMAN RI,Law,LAW_,,http://www.columbia.edu/cu/bulletin/uwb/subj/LAW_/L8816-20241-001/,To be announced,In-Person,,2,,W,20241LAW_8816L001,SEMINAR
LAW_ L8866,S CONTEMP CRITICAL THOUGHT:CRITIQUE AFTE,,Bernard Harcourt,6:20pm,9:10pm,10133,Morningside,L8866-20241-001,S CONTEMP CRITICAL THOUGH,Law,LAW_,https://en.wikipedia.org/wiki/Bernard_Harcourt,http://www.columbia.edu/cu/bulletin/uwb/subj/LAW_/L8866-20241-001/,To be announced,In-Person,,1-2,,R,20241LAW_8866L001,SEMINAR
LAW_ L8876,INTL CRIMINAL INVESTIGATION,,Frederick Davis,10:40am,12:00pm,10086,Morningside,L8876-20241-001,INTL CRIMINAL INVESTIGATI,Law,LAW_,,http://www.columbia.edu/cu/bulletin/uwb/subj/LAW_/L8876-20241-001/,To be announced,In-Person,,3,,TR,20241LAW_8876L001,LECTURE
LAW_ L8890,S DOMESTIC & INTERNATIONAL TERRORISM: A,"This is a Law School course. For more detailed course information, please go to the Law School Curriculum Guide at: http://www.law.columbia.edu/courses/search

",,6:20pm,8:10pm,10136,Morningside,L8890-20241-001,S DOMESTIC & INT'L TERROR,Law,LAW_,,http://www.columbia.edu/cu/bulletin/uwb/subj/LAW_/L8890-20241-001/,To be announced,In-Person,,2,,W,20241LAW_8890L001,SEMINAR
LAW_ L8941,C INTERNATIONAL CRIMINAL LAW,,Lori F Damrosch,11:30am,1:20pm,10014,Morningside,L8941-20241-001,C INTERNATIONAL CRIMINAL,Law,LAW_,,http://www.columbia.edu/cu/bulletin/uwb/subj/LAW_/L8941-20241-001/,To be announced,In-Person,,2,,F,20241LAW_8941L001,SEMINAR
LAW_ L9002,EXTERNSHIP: UNITED NATIONS,,Akshaya Kumar,4:20pm,6:10pm,10072,Morningside,L9002-20241-001,EXTERNSHIP: UNITED NATION,Law,LAW_,,http://www.columbia.edu/cu/bulletin/uwb/subj/LAW_/L9002-20241-001/,To be announced,In-Person,,2,,R,20241LAW_9002L001,CLERKSHIP
LAW_ L9002,EXTERNSHIP: UNITED NATIONS,,Akshaya Kumar,,,10073,Morningside,L9002-20241-002,EXTERNSHIP: UNITED NATION,Law,LAW_,,http://www.columbia.edu/cu/bulletin/uwb/subj/LAW_/L9002-20241-002/,,In-Person,,2-3,,,20241LAW_9002L002,CLERKSHIP
LAW_ L9061,P. INTERNATIONAL ARBITRATION,,,10:10am,12:00pm,10103,Morningside,L9061-20241-001,P. INTERNATIONAL ARBITRAT,Law,LAW_,,http://www.columbia.edu/cu/bulletin/uwb/subj/LAW_/L9061-20241-001/,To be announced,In-Person,,2,,T,20241LAW_9061L001,LECTURE
LAW_ L9069,S LAW & ECONOMICS WORKSHOP,"This is a Law School course. For more detailed course information, please go to the Law School Curriculum Guide at: http://www.law.columbia.edu/courses/search
",Eric Talley,4:20pm,6:10pm,10015,Morningside,L9069-20241-001,S LAW & ECONOMICS WORKSHO,Law,LAW_,https://en.wikipedia.org/wiki/Eric_Talley,http://www.columbia.edu/cu/bulletin/uwb/subj/LAW_/L9069-20241-001/,To be announced,In-Person,,2,,M,20241LAW_9069L001,SEMINAR
LAW_ L9090,SEM-LAW AND THEATRE,,Steven E Chaikelson,4:20pm,6:10pm,10157,Morningside,L9090-20241-001,,Law,LAW_,,http://www.columbia.edu/cu/bulletin/uwb/subj/LAW_/L9090-20241-001/,To be announced,In-Person,,2,,W,20241LAW_9090L001,SEMINAR
LAW_ L9117,SEM-ADV LEGAL RES TECHNIQUES,,Nam Jin Yoon,10:10am,12:00pm,10124,Morningside,L9117-20241-001,SEM-ADV LEGAL RES TECHNIQ,Law,LAW_,,http://www.columbia.edu/cu/bulletin/uwb/subj/LAW_/L9117-20241-001/,To be announced,In-Person,,2,,F,20241LAW_9117L001,SEMINAR
LAW_ L9123,S. Anti-Money Laundering Laws: Where Cry,,Kathryn E Judge,1:20pm,3:10pm,10128,Morningside,L9123-20241-001,S. Anti-Money Laundering,Law,LAW_,,http://www.columbia.edu/cu/bulletin/uwb/subj/LAW_/L9123-20241-001/,To be announced,In-Person,,2,,W,20241LAW_9123L001,SEMINAR
LAW_ L9137,S SENTENCING,,,5:20pm,7:10pm,10175,Morningside,L9137-20241-001,,Law,LAW_,,http://www.columbia.edu/cu/bulletin/uwb/subj/LAW_/L9137-20241-001/,To be announced,In-Person,,2,,T,20241LAW_9137L001,SEMINAR
LAW_ L9160,Paralegal Pathways Initiative Leadership,,,2:20pm,4:10pm,10118,Morningside,L9160-20241-001,S Paralegal Pathways Init,Law,LAW_,,http://www.columbia.edu/cu/bulletin/uwb/subj/LAW_/L9160-20241-001/,To be announced,In-Person,,2,,F,20241LAW_9160L001,SEMINAR
LAW_ L9164,SEM-LABOR RIGHTS IN GLOBL ECON,"This is a Law School course. For more detailed course information, please go to the Law School Curriculum Guide at: http://www.law.columbia.edu/courses/search
",Mark Barenberg,4:20pm,6:10pm,10154,Morningside,L9164-20241-001,SEM-LABOR RIGHTS IN GLOBL,Law,LAW_,,http://www.columbia.edu/cu/bulletin/uwb/subj/LAW_/L9164-20241-001/,To be announced,In-Person,,3,,M,20241LAW_9164L001,SEMINAR
LAW_ L9172,SEM-ADVANCED TRIAL PRACTICE,,Gail Heatherly,6:20pm,9:10pm,10127,Morningside,L9172-20241-001,SEM-ADVANCED TRIAL PRACTI,Law,LAW_,,http://www.columbia.edu/cu/bulletin/uwb/subj/LAW_/L9172-20241-001/,To be announced,In-Person,,3,,M,20241LAW_9172L001,SEMINAR
LAW_ L9175,S TRIAL PRACTICE,,,6:20pm,8:10pm,10183,Morningside,L9175-20241-001,,Law,LAW_,,http://www.columbia.edu/cu/bulletin/uwb/subj/LAW_/L9175-20241-001/,To be announced,In-Person,,2,,T,20241LAW_9175L001,SEMINAR
LAW_ L9175,S TRIAL PRACTICE,,Leslie Fagen,6:20pm,8:10pm,10184,Morningside,L9175-20241-003,,Law,LAW_,https://en.wikipedia.org/wiki/Leslie_Fagen,http://www.columbia.edu/cu/bulletin/uwb/subj/LAW_/L9175-20241-003/,To be announced,In-Person,,2,,M,20241LAW_9175L003,SEMINAR
LAW_ L9183,S NUREMBERG TRLS/WAR CRIME LAW,"This is a Law School course. For more detailed course information, please go to the Law School Curriculum Guide at: http://www.law.columbia.edu/courses/search
",Jonathan Bush,6:20pm,8:10pm,10167,Morningside,L9183-20241-001,S NUREMBERG TRLS/WAR CRIM,Law,LAW_,,http://www.columbia.edu/cu/bulletin/uwb/subj/LAW_/L9183-20241-001/,To be announced,In-Person,,2,,W,20241LAW_9183L001,SEMINAR
LAW_ L9208,Family Defense Clinic,,,,,10222,Morningside,L9208-20241-002,,Law,LAW_,,http://www.columbia.edu/cu/bulletin/uwb/subj/LAW_/L9208-20241-002/,,In-Person,,4,,,20241LAW_9208L002,CLINIC
LAW_ L9217,Just Transition Clinic,,,,,10223,Morningside,L9217-20241-002,,Law,LAW_,,http://www.columbia.edu/cu/bulletin/uwb/subj/LAW_/L9217-20241-002/,,In-Person,,4,,,20241LAW_9217L002,CLINIC
LAW_ L9233,HUMAN RIGHTS CLINIC,"See CLS curriculum guide.

",Sarah Knuckey,9:00am,12:00pm,10081,Morningside,L9233-20241-001,,Law,LAW_,,http://www.columbia.edu/cu/bulletin/uwb/subj/LAW_/L9233-20241-001/,To be announced,In-Person,,2,,R,20241LAW_9233L001,CLINIC
LAW_ L9233,HUMAN RIGHTS CLINIC,"See CLS curriculum guide.

",Sarah Knuckey,,,10082,Morningside,L9233-20241-002,,Law,LAW_,,http://www.columbia.edu/cu/bulletin/uwb/subj/LAW_/L9233-20241-002/,,In-Person,,1-3,,,20241LAW_9233L002,CLINIC
LAW_ L9234,S. Organizational Misconduct,"See Law School Curriculum Guide for description. 

",,4:20pm,6:10pm,10168,Morningside,L9234-20241-001,S ORGANIZATIONAL MISCONDU,Law,LAW_,,http://www.columbia.edu/cu/bulletin/uwb/subj/LAW_/L9234-20241-001/,To be announced,In-Person,,2,,W,20241LAW_9234L001,SEMINAR
LAW_ L9235,"Science, Health, and Information Clinic",,Christopher J Morten,4:20pm,6:10pm,10186,Morningside,L9235-20241-001,"Science, Health, & Info C",Law,LAW_,,http://www.columbia.edu/cu/bulletin/uwb/subj/LAW_/L9235-20241-001/,To be announced,In-Person,,3,,TR,20241LAW_9235L001,CLINIC
LAW_ L9235,"Science, Health, and Information Clinic",,Christopher J Morten,,,10187,Morningside,L9235-20241-002,"Science, Health, & Info C",Law,LAW_,,http://www.columbia.edu/cu/bulletin/uwb/subj/LAW_/L9235-20241-002/,,In-Person,,4,,,20241LAW_9235L002,CLINIC
LAW_ L9239,MEDIATION CLINIC,,Alexandra B Carter,3:10pm,6:00pm,10098,Morningside,L9239-20241-001,,Law,LAW_,,http://www.columbia.edu/cu/bulletin/uwb/subj/LAW_/L9239-20241-001/,To be announced,In-Person,,4,,T,20241LAW_9239L001,CLERKSHIP
LAW_ L9239,MEDIATION CLINIC,,Alexandra B Carter,,,10099,Morningside,L9239-20241-002,,Law,LAW_,,http://www.columbia.edu/cu/bulletin/uwb/subj/LAW_/L9239-20241-002/,,In-Person,,3,,,20241LAW_9239L002,CLERKSHIP
LAW_ L9253,S DEALS WORKSHOP,,James McHugh,9:00am,10:50am,10135,Morningside,L9253-20241-005,,Law,LAW_,,http://www.columbia.edu/cu/bulletin/uwb/subj/LAW_/L9253-20241-005/,To be announced,In-Person,,2,,W,20241LAW_9253L005,WORKSHOP
LAW_ L9258,IMMIGRANTS' RIGHTS CLINIC,,Elora Mukherjee,9:00am,12:00pm,10083,Morningside,L9258-20241-001,,Law,LAW_,,http://www.columbia.edu/cu/bulletin/uwb/subj/LAW_/L9258-20241-001/,To be announced,In-Person,,3-7,,TR,20241LAW_9258L001,CLINIC
LAW_ L9258,IMMIGRANTS' RIGHTS CLINIC,,Elora Mukherjee,,,10084,Morningside,L9258-20241-002,,Law,LAW_,,http://www.columbia.edu/cu/bulletin/uwb/subj/LAW_/L9258-20241-002/,,In-Person,,4-7,,,20241LAW_9258L002,CLINIC
LAW_ L9262,ADVANCED MEDIATION CLINIC,,Alexandra B Carter,,,10008,Morningside,L9262-20241-001,,Law,LAW_,,http://www.columbia.edu/cu/bulletin/uwb/subj/LAW_/L9262-20241-001/,,In-Person,,1-4,,,20241LAW_9262L001,LECTURE
LAW_ L9265,EXTERNSHIP: ARTS LAW,,,4:20pm,6:10pm,10042,Morningside,L9265-20241-001,,Law,LAW_,,http://www.columbia.edu/cu/bulletin/uwb/subj/LAW_/L9265-20241-001/,To be announced,In-Person,,2,,W,20241LAW_9265L001,CLERKSHIP
LAW_ L9265,EXTERNSHIP: ARTS LAW,,,,,10043,Morningside,L9265-20241-002,,Law,LAW_,,http://www.columbia.edu/cu/bulletin/uwb/subj/LAW_/L9265-20241-002/,,In-Person,,2,,,20241LAW_9265L002,CLERKSHIP
LAW_ L9269,LAWYERING-DIGITAL AGE CLINIC,,Conrad A Johnson,3:10pm,6:00pm,10095,Morningside,L9269-20241-001,LAWYERING-DIGITAL AGE CLI,Law,LAW_,,http://www.columbia.edu/cu/bulletin/uwb/subj/LAW_/L9269-20241-001/,To be announced,In-Person,,7,,R,20241LAW_9269L001,CLINIC
LAW_ L9325,"S COMPUTERS, PRIVACY & THE LAW",,Eben Moglen,2:20pm,4:10pm,10019,Morningside,L9325-20241-001,"S COMPUTERS, PRIVACY & TH",Law,LAW_,https://en.wikipedia.org/wiki/Eben_Moglen,http://www.columbia.edu/cu/bulletin/uwb/subj/LAW_/L9325-20241-001/,To be announced,In-Person,,2,,W,20241LAW_9325L001,LECTURE
LAW_ L9327,S. INTERNET & COMPUTER CRIMES,,,6:20pm,8:10pm,10152,Morningside,L9327-20241-001,S. INTERNET & COMPUTER CR,Law,LAW_,,http://www.columbia.edu/cu/bulletin/uwb/subj/LAW_/L9327-20241-001/,To be announced,In-Person,,2,,T,20241LAW_9327L001,SEMINAR
LAW_ L9328,S POLIT THRY & THE 1ST AMENDT,,,4:20pm,6:10pm,10169,Morningside,L9328-20241-001,S POLIT THRY & THE 1ST AM,Law,LAW_,,http://www.columbia.edu/cu/bulletin/uwb/subj/LAW_/L9328-20241-001/,To be announced,In-Person,,3,,M,20241LAW_9328L001,SEMINAR
LAW_ L9358,ADVANCED LAWYERING IN THE DIGITAL AGE CL,,Conrad A Johnson,,,10007,Morningside,L9358-20241-001,ADVANCED LAWYERING IN THE,Law,LAW_,,http://www.columbia.edu/cu/bulletin/uwb/subj/LAW_/L9358-20241-001/,,In-Person,,1-3,,,20241LAW_9358L001,SEMINAR
LAW_ L9359,ADV HUMAN RIGHTS CLINIC,,Sarah Knuckey,,,10006,Morningside,L9359-20241-001,,Law,LAW_,,http://www.columbia.edu/cu/bulletin/uwb/subj/LAW_/L9359-20241-001/,,In-Person,,2-5,,,20241LAW_9359L001,CLINIC
LAW_ L9362,Community Advocacy Clinic,,Colleen F Shanahan,1:20pm,3:20pm,10017,Morningside,L9362-20241-001,COMMUNITY ADVOCACY CLINIC,Law,LAW_,,http://www.columbia.edu/cu/bulletin/uwb/subj/LAW_/L9362-20241-001/,To be announced,In-Person,,3,,TR,20241LAW_9362L001,SEMINAR
LAW_ L9362,Community Advocacy Clinic,,Colleen F Shanahan,,,10018,Morningside,L9362-20241-002,COMMUNITY ADVOCACY CLINIC,Law,LAW_,,http://www.columbia.edu/cu/bulletin/uwb/subj/LAW_/L9362-20241-002/,,In-Person,,4,,,20241LAW_9362L002,SEMINAR
LAW_ L9363,Advanced Community Advocacy Lab Clinic,"See CLS Curriculum Guide

",Colleen F Shanahan,,,10001,Morningside,L9363-20241-001,ADV COMMUNITY ADVOCACY CL,Law,LAW_,,http://www.columbia.edu/cu/bulletin/uwb/subj/LAW_/L9363-20241-001/,,In-Person,,1-3,,,20241LAW_9363L001,CLINIC
LAW_ L9368,S. Emerging Trends in International Just,,Richard H Dicker,4:20pm,6:10pm,10139,Morningside,L9368-20241-001,S. Emrgng Trends Int'l Ju,Law,LAW_,,http://www.columbia.edu/cu/bulletin/uwb/subj/LAW_/L9368-20241-001/,To be announced,In-Person,,2,,M,20241LAW_9368L001,SEMINAR
LAW_ L9383,SEM-INT'L HUMANITARIAN LAW,"Prerequisites: Students who have not taken either International Law (L6269) or Human Rights (L6276) at Columbia Law School should contact the instructor for permission to enroll, and submit information on their relevant international law experience and/or background. This is a Law School course. For more detailed course information, please go to the Law School Curriculum Guide at: http://www.law.columbia.edu/courses/search
",Gabor Rona,4:20pm,6:10pm,10151,Morningside,L9383-20241-001,SEM-INT'L HUMANITARIAN LA,Law,LAW_,,http://www.columbia.edu/cu/bulletin/uwb/subj/LAW_/L9383-20241-001/,To be announced,In-Person,,2,"L6269
L6276",T,20241LAW_9383L001,SEMINAR
LAW_ L9401,Advanced Breakthrough in Abolition Throu,,,6:20pm,8:20pm,10000,Morningside,L9401-20241-001,Adv. Breakthrough in Abol,Law,LAW_,,http://www.columbia.edu/cu/bulletin/uwb/subj/LAW_/L9401-20241-001/,To be announced,In-Person,,1-2,,W,20241LAW_9401L001,SEMINAR
LAW_ L9467,SEM-CONTRACTS/COLLAB/INTERPRET,,Charles Sabel,4:20pm,6:10pm,10134,Morningside,L9467-20241-001,SEM-CONTRACTS/COLLAB/INTE,Law,LAW_,https://en.wikipedia.org/wiki/Charles_Sabel,http://www.columbia.edu/cu/bulletin/uwb/subj/LAW_/L9467-20241-001/,To be announced,In-Person,,3,,T,20241LAW_9467L001,SEMINAR
LAW_ L9502,EXT: NYS OAG ENFORCEMENT,,,2:10pm,4:00pm,10062,Morningside,L9502-20241-001,,Law,LAW_,,http://www.columbia.edu/cu/bulletin/uwb/subj/LAW_/L9502-20241-001/,To be announced,In-Person,,2,,M,20241LAW_9502L001,EXTERNSHIP
LAW_ L9502,EXT: NYS OAG ENFORCEMENT,,,,,10063,Morningside,L9502-20241-002,,Law,LAW_,,http://www.columbia.edu/cu/bulletin/uwb/subj/LAW_/L9502-20241-002/,,In-Person,,3,,,20241LAW_9502L002,EXTERNSHIP
LAW_ L9503,Ex. Economic Justice and Empowerment Ext,,,4:20pm,6:10pm,10048,Morningside,L9503-20241-001,Econ. Justice & Empowerme,Law,LAW_,,http://www.columbia.edu/cu/bulletin/uwb/subj/LAW_/L9503-20241-001/,To be announced,In-Person,,2,,W,20241LAW_9503L001,EXTERNSHIP
LAW_ L9503,Ex. Economic Justice and Empowerment Ext,,,,,10049,Morningside,L9503-20241-002,Econ. Justice & Empowerme,Law,LAW_,,http://www.columbia.edu/cu/bulletin/uwb/subj/LAW_/L9503-20241-002/,,In-Person,,2,,,20241LAW_9503L002,EXTERNSHIP
LAW_ L9509,S ANTITRUST IN ACTION,,,6:20pm,8:10pm,10129,Morningside,L9509-20241-001,,Law,LAW_,,http://www.columbia.edu/cu/bulletin/uwb/subj/LAW_/L9509-20241-001/,To be announced,In-Person,,2,,T,20241LAW_9509L001,SEMINAR
LAW_ L9519,S CONTEMP CORP LAW SCHLRSHIP,,Jeffrey Gordon,6:20pm,8:10pm,10132,Morningside,L9519-20241-001,S CONTEMP CORP LAW SCHLRS,Law,LAW_,,http://www.columbia.edu/cu/bulletin/uwb/subj/LAW_/L9519-20241-001/,To be announced,In-Person,,2,,W,20241LAW_9519L001,SEMINAR
LAW_ L9708,Advanced Family Defense Clinic,,,,,10224,Morningside,L9708-20241-001,Advanced Family Defense C,Law,LAW_,,http://www.columbia.edu/cu/bulletin/uwb/subj/LAW_/L9708-20241-001/,,In-Person,,1-3,,,20241LAW_9708L001,CLINIC
LAW_ L9717,Advanced Just Transition Clinic,,,4:00pm,5:50pm,10225,Morningside,L9717-20241-001,Adv. Just Transition Clin,Law,LAW_,,http://www.columbia.edu/cu/bulletin/uwb/subj/LAW_/L9717-20241-001/,To be announced,In-Person,,1-4,,F,20241LAW_9717L001,CLINIC
LAW_ L9717,Advanced Just Transition Clinic,,,4:00pm,5:50pm,10226,Morningside,L9717-20241-002,Adv. Just Transition Clin,Law,LAW_,,http://www.columbia.edu/cu/bulletin/uwb/subj/LAW_/L9717-20241-002/,To be announced,In-Person,,1-4,,F,20241LAW_9717L002,CLINIC
LAW_ L9823,S HUMN RGHTS/QUESTN/CULTURE,,Kendall Thomas,4:20pm,7:10pm,10145,Morningside,L9823-20241-001,S HUMN RGHTS/QUESTN/CULTU,Law,LAW_,,http://www.columbia.edu/cu/bulletin/uwb/subj/LAW_/L9823-20241-001/,To be announced,In-Person,,3,,R,20241LAW_9823L001,SEMINAR
LAW_ L9833,S. Sexuality and Gender Law Practicum,,Jenny Ma,4:20pm,6:10pm,10176,Morningside,L9833-20241-001,S. Sexuality & Gender Law,Law,LAW_,https://en.wikipedia.org/wiki/Jenny_Bryan,http://www.columbia.edu/cu/bulletin/uwb/subj/LAW_/L9833-20241-001/,To be announced,In-Person,,2,,W,20241LAW_9833L001,SEMINAR
LAW_ L9833,S. Sexuality and Gender Law Practicum,,Jenny Ma,,,10177,Morningside,L9833-20241-002,S. Sexuality & Gender Law,Law,LAW_,https://en.wikipedia.org/wiki/Jenny_Bryan,http://www.columbia.edu/cu/bulletin/uwb/subj/LAW_/L9833-20241-002/,,In-Person,,2,,,20241LAW_9833L002,SEMINAR
LWPS GR8829,COL-INTL HUMAN RIGHTS ADVOCACY,,Hina Shamsi,6:20pm,8:10pm,10150,Morningside,W8829-20241-001,COL-INTL HUMAN RIGHTS ADV,Law,LWPS,,http://www.columbia.edu/cu/bulletin/uwb/subj/LWPS/W8829-20241-001/,To be announced,In-Person,,2,,W,20241LWPS8829W001,COLLOQUIA
